protein,carb_chain,colprotein_chain,iprotein_chain_1,iprotein_chain_2,group,group1
7CU5,D,Q,A,,PD1,human
7CU5,C,,,,PD1,human
7CU5,K,,,,PD1,human
7CU5,I,,,,PD1,human
5WT9,A,G,H,L,PD1,human
6JBT,A,F,H,L,PD1,human
6JBT,B,F,H,L,PD1,human
6JJP,G,,,,PD1,human
6JJP,H,,,,PD1,human
8AS0,U,,,,PD1,human
8AS0,g,,,,PD1,human
8AS0,h,,,,PD1,human
8AS0,k,,,,PD1,human
8AS0,Z,,,,PD1,human
8AS0,a,,,,PD1,human
8AS0,e,,,,PD1,human
8AS0,j,,,,PD1,human
8AS0,b,,,,PD1,human
8AS0,c,,,,PD1,human
8AS0,d,,,,PD1,human
8AS0,i,,,,PD1,human
8AS0,f,,,,PD1,human
9Q8L,B,A,H,L,PD1,human
9Q8L,C,A,H,L,PD1,human
6J15,E,C,H,L,PD1,human
6J15,F,D,A,B,PD1,human
